{
    "MSE": 6.0311266597022825e-05,
    "MAE": 0.0055584900320102566,
    "Directional Accuracy": 0.5667701863354038,
    "Final Equity": 1.9595122230739497
}