{
    "MSE": 8.613273634197784e-05,
    "MAE": 0.006704356643201695,
    "Directional Accuracy": 0.5472088215024121,
    "Final Equity": 3.735016922473307
}