{
    "MSE": 5.8652379625116546e-05,
    "MAE": 0.005581717623957068,
    "Directional Accuracy": 0.5126050420168067,
    "Final Equity": 1.1252386647447876
}