{
    "MSE": 8.510334905970195e-05,
    "MAE": 0.006656164877960953,
    "Directional Accuracy": 0.580289455547898,
    "Final Equity": 4.45744576856662
}