{
    "MSE": 6.148874471814435e-05,
    "MAE": 0.005657574433607601,
    "Directional Accuracy": 0.5201863354037267,
    "Final Equity": 1.2918106564069654
}