{
    "MSE": 8.903083093794339e-05,
    "MAE": 0.006806738704144411,
    "Directional Accuracy": 0.5292901447277739,
    "Final Equity": 2.818555803170421
}