{
    "MSE": 6.851862737534976e-05,
    "MAE": 0.006258711437508348,
    "Directional Accuracy": 0.4773109243697479,
    "Final Equity": 1.0309649239509175
}