{
    "MSE": 9.21308052259349e-05,
    "MAE": 0.0070532747927046,
    "Directional Accuracy": 0.48656099241902134,
    "Final Equity": 1.35965533702704
}