{
    "MSE": 6.01706938586862e-05,
    "MAE": 0.0055856916861299465,
    "Directional Accuracy": 0.5015527950310559,
    "Final Equity": 1.1231970568765066
}