{
    "MSE": 6.129350236049615e-05,
    "MAE": 0.005606350858232931,
    "Directional Accuracy": 0.5378151260504201,
    "Final Equity": 0.9523172522614609
}