{
    "MSE": 9.051596830822779e-05,
    "MAE": 0.00680152523209276,
    "Directional Accuracy": 0.5458304617505169,
    "Final Equity": 2.0313534853711723
}