{
    "MSE": 8.714065317699498e-05,
    "MAE": 0.006707654883761681,
    "Directional Accuracy": 0.5596140592694693,
    "Final Equity": 2.8462102882787863
}