{
    "MSE": 9.137105702274294e-05,
    "MAE": 0.00697286560992419,
    "Directional Accuracy": 0.49896623018607855,
    "Final Equity": 2.047538453227665
}