{
    "MSE": 9.166999138594071e-05,
    "MAE": 0.006937227429359063,
    "Directional Accuracy": 0.512749827705031,
    "Final Equity": 1.0462808774942907
}