{
    "MSE": 7.802552891188126e-05,
    "MAE": 0.006676359165264384,
    "Directional Accuracy": 0.4756302521008403,
    "Final Equity": 0.9434153469107259
}