{
    "MSE": 6.385532388821028e-05,
    "MAE": 0.005718401569638982,
    "Directional Accuracy": 0.5046583850931677,
    "Final Equity": 1.3472072423355714
}