{
    "MSE": 0.00011351589253916218,
    "MAE": 0.007945810095607332,
    "Directional Accuracy": 0.5472088215024121,
    "Final Equity": 2.3485158282881273
}