{
    "MSE": 0.00014625680426931065,
    "MAE": 0.009213935918187297,
    "Directional Accuracy": 0.5423845623707788,
    "Final Equity": 2.027608754882632
}