{
    "MSE": 0.0005253164787159511,
    "MAE": 0.021755940715451155,
    "Directional Accuracy": 0.4470588235294118,
    "Final Equity": 0.7204644995575672
}