{
    "MSE": 0.0005249218994347663,
    "MAE": 0.021713136362065108,
    "Directional Accuracy": 0.46273291925465837,
    "Final Equity": 0.7315102318087634
}