{
    "MSE": 0.00010570722150221004,
    "MAE": 0.007725339270315677,
    "Directional Accuracy": 0.5120606478290833,
    "Final Equity": 0.9409391498273038
}