{
    "MSE": 8.669363104451268e-05,
    "MAE": 0.00674319245071618,
    "Directional Accuracy": 0.5313576843556168,
    "Final Equity": 3.4385978026678075
}