{
    "MSE": 6.936073038196789e-05,
    "MAE": 0.006322598335889634,
    "Directional Accuracy": 0.4588235294117647,
    "Final Equity": 0.9044180580823667
}