{
    "MSE": 6.580884924759668e-05,
    "MAE": 0.005803201699954351,
    "Directional Accuracy": 0.5077639751552795,
    "Final Equity": 0.9168006578547507
}